0,12361
1,12019
2,38163
3,6939
4,80139
5,6630
6,972
7,13216
8,56247
9,3070
10,1093
11,1303
12,19891
13,15917
14,348870
15,65549
16,15843
17,209279
18,359471
19,17899
20,2904
21,1859
22,372926
23,48195
24,22284
25,2350
26,114712
27,55572
28,5020
29,110911
30,951
31,10254
32,25015
33,185936
34,674
35,1073
36,844
37,280321
38,20564
39,699
40,199985
41,1133
42,9875
43,7270
44,124290
45,54163
46,238824
47,7684
48,1452
49,4762
50,213927
51,6197
52,50926
53,317190
54,19459
55,13034
56,78918
57,295935
58,3968
59,122100
60,943
61,1519
62,6172
63,3165
64,26672
65,6928
66,50132
67,1357
68,36931
69,328814
70,3652
71,2061
72,3355
73,359938
74,1457
75,17963
76,3218
77,1560
78,384440
79,170337
80,2553
81,34528
82,19262
83,302801
84,214667
85,47496
86,53567
87,1370
88,3237
89,6157
90,1261
91,2404
92,4851
93,336397
94,32001
95,1773
96,294777
97,203839
98,270728
99,5453
100,4142
101,32853
102,3381
103,285520
104,247606
105,63649
106,68313
107,1790
108,210293
109,55269
110,240543
111,627
112,3144
113,9843
114,118898
115,320036
116,4171
117,783
118,151556
119,1721
120,401192
121,13253
122,1044
123,15806
124,309925
125,2792
126,4236
127,607
128,6982
129,12946
130,126482
131,2074
132,156157
133,3508
134,320776
135,4084
136,9820
137,10419
138,9813
139,259608
140,326341
141,121006
142,14141
143,31445
144,210431
145,62797
146,7189
147,273428
148,1032
149,277343
150,1703
151,111069
152,12007
153,3525
154,5077
155,280395
156,46911
157,55669
158,787
159,356766
160,3617
161,898
162,89017
163,11025
164,857
165,267197
166,3354
167,29982
168,1346
169,85774
170,31168
171,1426
172,251462
173,322376
174,86637
175,800
176,1357
177,1172
178,58291
179,70651
180,27570
181,6509
182,55878
183,84011
184,7841
185,347694
186,5916
187,778
188,1104
189,3764
190,102113
191,1424
192,2110
193,393130
194,9400
195,2085
196,9034
197,37839
198,2527
199,3249
200,2304
201,34471
202,4687
203,34929
204,2577
205,62652
206,19215
207,67132
208,302610
209,9837
210,12859
211,156751
212,76977
213,5298
214,1982
215,312013
216,3466
217,237601
218,19661
219,2442
220,281968
221,316674
222,3052
223,935
224,3747
225,10570
226,2419
227,39743
228,77163
229,3433
230,322182
231,63769
232,2730
233,676
234,978
235,9363
236,1171
237,5676
238,180570
239,8780
240,55123
241,1270
242,317605
243,245454
244,6204
245,61659
246,310071
247,307104
248,319108
249,816
250,221974
251,114732
252,664
253,2557
254,1803
255,16647
256,172059
257,71911
258,1019
259,10839
260,2504
261,1181
262,302251
263,168936
264,1405
265,58601
266,5313
267,35332
268,233221
269,8764
270,2230
271,14108
272,23731
273,397976
274,1950
275,5232
276,48778
277,1394
278,172247
279,829
280,4855
281,624
282,11744
283,71115
284,175830
285,10987
286,13613
287,99715
288,2394
289,921
290,204721
291,16382
292,796
293,2431
294,5900
295,9981
296,1526
297,1598
298,65007
299,22977
300,380953
301,2575
302,33934
303,14104
304,7255
305,59791
306,51151
307,38833
308,6631
309,254585
310,319203
311,6915
312,41803
313,6663
314,185127
315,13815
316,12492
317,1068
318,10912
319,81166
320,328907
321,1258
322,1063
323,4732
324,94843
325,2798
326,1238
327,79694
328,3247
329,1274
330,30193
331,2087
332,1442
333,20229
334,8492
335,1235
336,79915
337,4613
338,25104
339,2315
340,9830
341,1137
342,2521
343,200608
344,154655
345,4615
346,16389
347,4689
348,7276
349,57875
350,40109
351,87804
352,1083
353,4130
354,79767
355,139089
356,1694
357,8228
358,335235
359,1724
360,40615
361,647
362,63931
363,92433
364,391022
365,885
366,53204
367,272507
368,55784
369,5558
370,15789
371,5522
372,631
373,7578
374,2509
375,1421
376,10141
377,79986
378,4145
379,190736
380,311647
381,305838
382,65668
383,5600
384,326484
385,10397
386,7942
387,376575
388,263319
389,21819
390,2660
391,19501
392,123636
393,1427
394,144109
395,1229
396,13953
397,355572
398,5924
399,2236
400,55025
401,3538
402,2512
403,9782
404,47018
405,100804
406,2039
407,5077
408,233029
409,21217
410,14026
411,362050
412,1650
413,2468
414,44865
415,724
416,7061
417,366359
418,261246
419,404426
420,2694
421,1247
422,8363
423,7505
424,2060
425,3102
426,59800
427,2243
428,23465
429,31547
430,723
431,26434
432,68850
433,2536
434,175808
435,3032
436,27252
437,59732
438,416014
439,1903
440,3711
441,25391
442,37193
443,2029
444,206452
445,826
446,4731
447,3351
448,613
449,18159
450,5932
451,9809
452,98050
453,165585
454,12912
455,14488
456,2153
457,34391
458,45563
459,1265
460,2093
461,4806
462,375029
463,2055
464,792
465,3239
466,941
467,9009
468,44413
469,371013
470,1066
471,363134
472,106779
473,223595
474,290927
475,2855
476,3229
477,12633
478,232755
479,131335
480,371283
481,9337
482,75534
483,1670
484,2166
485,2804
486,7958
487,7696
488,1186
489,313130
490,3692
491,75560
492,1374
493,15083
494,11743
495,55966
496,2149
497,1414
498,21347
499,6372
500,7705
501,66354
502,58109
503,369785
504,232577
505,3607
506,170010
507,3364
508,56233
509,6429
510,788
511,1226
512,420579
513,34649
514,193581
515,217192
516,18920
517,62095
518,2509
519,104624
520,9767
521,68269
522,2477
523,50022
524,9301
525,14101
526,65944
527,41275
528,4658
529,387347
530,80392
531,47938
532,1737
533,58915
534,378551
535,2788
536,1957
537,271721
538,17735
539,4672
540,27012
541,47734
542,333721
543,20029
544,19341
545,256581
546,30888
547,22667
548,18442
549,335208
550,223541
551,192879
552,12003
553,5904
554,6718
555,6341
556,3568
557,8896
558,2331
559,314673
560,339443
561,22487
562,3802
563,326689
564,105037
565,15897
566,997
567,4192
568,351152
569,12548
570,286093
571,209724
572,25163
573,11234
574,8232
575,76564
576,333891
577,12193
578,292841
579,382496
580,30570
581,1780
582,366216
583,402963
584,1625
585,1813
586,47121
587,1142
588,21896
589,5157
590,16643
591,1994
592,66372
593,4192
594,229346
595,3196
596,108486
597,271650
598,1268
599,123546
600,2779
601,1793
602,3978
603,68781
604,2629
605,84209
606,1156
607,332715
608,1502
609,1286
610,104459
611,4556
612,36482
613,938
614,74637
615,33132
616,18312
617,331713
618,7502
619,37193
620,12469
621,20689
622,8021
623,203113
624,61502
625,287633
626,2360
627,81763
628,166440
629,333094
630,5516
631,13066
632,21740
633,1866
634,5721
635,102678
636,18473
637,321558
638,5920
639,11559
640,620
641,28530
642,28138
643,309723
644,3631
645,2369
646,11588
647,362586
648,11443
649,2538
650,326139
651,251993
652,119202
653,866
654,1110
655,24708
656,14938
657,1179
658,32195
659,10912
660,106019
661,88312
662,19387
663,10135
664,52001
665,101194
666,14863
667,14119
668,7387
669,758
670,39644
671,42204
672,2449
673,67444
674,3623
675,2475
676,360083
677,12921
678,16496
679,16402
680,6393
681,19777
682,2868
683,158802
684,322216
685,1965
686,1915
687,19468
688,722
689,1680
690,2537
691,3443
692,13039
693,621
694,1506
695,1138
696,4454
697,1865
698,72504
699,4293
700,297950
701,19421
702,7873
703,222465
704,184392
705,150574
706,8235
707,2172
708,78183
709,2584
710,9425
711,1778
712,798
713,386749
714,1087
715,961
716,50297
717,832
718,64075
719,10215
720,2844
721,325319
722,648
723,221844
724,12348
725,7695
726,6020
727,50675
728,3400
729,87348
730,1381
731,22512
732,853
733,4795
734,147578
735,343886
736,2218
737,2918
738,8144
739,9223
740,2241
741,3326
742,256591
743,1203
744,2702
745,2134
746,21676
747,5073
748,1222
749,16877
750,23958
751,3725
752,13024
753,333520
754,20796
755,47926
756,2575
757,125724
758,57508
759,6214
760,40915
761,3965
762,230171
763,18137
764,1037
765,1133
766,1871
767,683
768,10179
769,1320
770,2924
771,8983
772,3486
773,2992
774,131209
775,1151
776,3646
777,616
778,10807
779,295957
780,3223
781,911
782,67682
783,3138
784,2486
785,96299
786,13895
787,24745
788,4458
789,271603
790,5219
791,6941
792,11425
793,1422
794,3740
795,236478
796,6029
797,2172
798,17685
799,4279
800,89990
801,27011
802,342891
803,1398
804,1269
805,12049
806,377572
807,3505
808,316693
809,15516
810,94218
811,85438
812,271624
813,44648
814,3692
815,16658
816,2124
817,83986
818,55898
819,3601
820,4603
821,6065
822,3712
823,4228
824,158557
825,1250
826,192913
827,154184
828,1528
829,380944
830,1457
831,18224
832,782
833,1331
834,309697
835,13099
836,5094
837,779
838,7138
839,69184
840,10080
841,14929
842,3573
843,792
844,11479
845,6354
846,5665
847,805
848,12861
849,174272
850,57632
851,24989
852,10443
853,25932
854,283149
855,3795
856,57009
857,147724
858,9652
859,604
860,110104
861,1594
862,133988
863,333681
864,84091
865,4169
866,981
867,668
868,10349
869,1374
870,1323
871,6347
872,20547
873,12303
874,22528
875,71920
876,19624
877,4365
878,119933
879,339060
880,361649
881,7073
882,202533
883,8304
884,4335
885,116637
886,5115
887,937
888,6808
889,1635
890,4404
891,260838
892,68278
893,21076
894,326592
895,1508
896,2403
897,7807
898,89996
899,116125
900,22001
901,1013
902,13288
903,339953
904,339439
905,331261
906,384082
907,350441
908,51973
909,43117
910,3423
911,300724
912,39543
913,31692
914,103509
915,612
916,1487
917,2388
918,10163
919,152860
920,262286
921,76324
922,5897
923,2120
924,13233
925,27944
926,26360
927,28143
928,14778
929,42537
930,18257
931,245984
932,2919
933,1061
934,350731
935,2944
936,7040
937,333665
938,14116
939,1461
940,215029
941,256234
942,1662
943,1765
944,4519
945,19240
946,13689
947,3288
948,19780
949,215213
950,347568
951,20975
952,709
953,995
954,634
955,305549
956,73239
957,1657
958,2741
959,105019
960,4859
961,2265
962,56492
963,2872
964,14643
965,5841
966,63573
967,29638
968,2068
969,12581
970,11350
971,4323
972,2681
973,309997
974,2446
975,362281
976,3510
977,15232
978,1759
979,1744
980,12944
981,324993
982,15669
983,71164
984,1752
985,5963
986,3988
987,4591
988,1768
989,656
990,103821
991,813
992,350555
993,8642
994,849
995,4323
996,3353
997,50632
998,922
999,13223
1000,100236
1001,1252
1002,41201
1003,3080
1004,1211
1005,5315
1006,321350
1007,10101
1008,116277
1009,11192
1010,10821
1011,346825
1012,2697
1013,5159
1014,10353
1015,168636
1016,317177
1017,5012
1018,3067
1019,14855
1020,807
1021,239513
1022,4584
1023,4695
1024,73372
1025,4293
1026,6648
1027,106509
1028,76261
1029,360200
1030,3520
1031,4327
1032,153424
1033,88099
1034,65751
1035,1139
1036,4067
1037,65417
1038,297984
1039,3728
1040,6978
1041,13198
1042,2156
1043,2479
1044,254325
1045,83148
1046,700
1047,123857
1048,20422
1049,128354
1050,83917
1051,291435
1052,2432
1053,161103
1054,71473
1055,93864
1056,35562
1057,332695
1058,132004
1059,8287
1060,4601
1061,2758
1062,361131
1063,13852
1064,355353
1065,1032
1066,339309
1067,1556
1068,13141
1069,2850
1070,315127
1071,1224
1072,5649
1073,1090
1074,85255
1075,1702
1076,208304
1077,271143
1078,1516
1079,13711
1080,2709
1081,8267
1082,5951
1083,6638
1084,3667
1085,280712
1086,13189
1087,5753
1088,1680
1089,1182
1090,3349
1091,42693
1092,6993
1093,104103
1094,231145
1095,633
1096,56627
1097,270843
1098,4114
1099,175115
1100,36073
1101,1655
1102,13333
1103,2618
1104,62732
1105,1475
1106,1813
1107,4042
1108,10721
1109,7902
1110,393023
1111,14157
1112,4400
1113,385196
1114,1569
1115,5585
1116,9039
1117,2022
1118,45464
1119,3234
1120,138641
1121,3741
1122,3121
1123,22669
1124,2959
1125,235404
1126,1330
1127,15763
1128,4518
1129,2719
1130,8689
1131,8662
1132,94622
1133,114615
1134,5172
1135,737
1136,3293
1137,1812
1138,2215
1139,299407
1140,361808
1141,1177
1142,11808
1143,52798
1144,99798
1145,56582
1146,3465
1147,11940
1148,5559
1149,31068
1150,370403
1151,17017
1152,2586
1153,372628
1154,2243
1155,905
1156,1070
1157,369926
1158,6454
1159,57067
1160,171601
1161,3947
1162,4903
1163,1971
1164,2766
1165,6519
1166,1188
1167,113624
1168,337676
1169,8112
1170,50475
1171,49376
1172,91671
1173,1694
1174,116241
1175,64792
1176,1571
1177,2841
1178,3129
1179,2267
1180,2722
1181,3157
1182,4271
1183,7307
1184,4294
1185,85254
1186,125778
1187,1016
1188,175034
1189,122619
1190,342447
1191,357669
1192,374935
1193,4425
1194,215892
1195,9127
1196,4275
1197,13763
1198,10879
1199,370949
1200,3340
1201,5574
1202,106346
1203,7724
1204,5547
1205,968
1206,774
1207,194895
1208,61098
1209,3374
1210,12302
1211,7220
1212,843
1213,2765
1214,1343
1215,11847
1216,285322
1217,7286
1218,1839
1219,79232
1220,13272
1221,4036
1222,44761
1223,355133
1224,114811
1225,195374
1226,339160
1227,13746
1228,618
1229,1216
1230,3094
1231,291117
1232,274323
1233,11136
1234,43067
1235,50342
1236,1106
1237,1216
1238,7881
1239,252957
1240,2025
1241,4272
1242,5648
1243,3496
1244,7813
1245,17279
1246,67981
1247,641
1248,379790
1249,1564
1250,1061
1251,291932
1252,113289
1253,4692
1254,320877
1255,3405
1256,99096
1257,1077
1258,77565
1259,1171
1260,319357
1261,26168
1262,2646
1263,75509
1264,2355
1265,2675
1266,298555
1267,228659
1268,58316
1269,4288
1270,11218
1271,29984
1272,103165
1273,1163
1274,4039
1275,1569
1276,8197
1277,1467
1278,309966
1279,400526
1280,24624
1281,38431
1282,46851
1283,184623
1284,717
1285,149218
1286,212484
1287,194552
1288,64201
1289,12826
1290,83445
1291,4379
1292,3473
1293,1200
1294,3989
1295,34543
1296,79507
1297,10350
1298,275496
1299,360493
1300,1673
1301,18399
1302,2714
1303,2815
1304,1572
1305,254038
1306,244226
1307,11587
1308,2098
1309,332049
1310,2031
1311,296208
1312,1959
1313,1087
1314,369796
1315,342173
1316,5542
1317,5402
1318,6115
1319,3981
1320,2136
1321,7062
1322,18748
1323,5384
1324,3170
1325,1361
1326,299286
1327,2383
1328,26084
1329,1402
1330,778
1331,36655
1332,638
1333,191923
1334,58800
1335,141051
1336,377097
1337,116013
1338,3741
1339,378338
1340,4450
1341,1463
1342,267733
1343,273640
1344,1034
1345,7294
1346,16778
1347,6076
1348,379061
1349,1360
1350,89784
1351,276789
1352,72228
1353,112313
1354,1582
1355,32754
1356,343575
1357,6991
1358,11315
1359,5097
1360,305416
1361,337909
1362,345788
1363,8554
1364,13133
1365,47923
1366,13368
1367,2978
1368,5608
1369,407328
1370,4200
1371,10245
1372,69585
1373,2431
1374,23233
1375,57613
1376,2664
1377,13880
1378,11897
1379,4840
1380,369966
1381,305736
1382,5362
1383,9423
1384,1903
1385,13420
1386,4080
1387,1230
1388,315134
1389,726
1390,10387
1391,2024
1392,2100
1393,10373
1394,45240
1395,929
1396,7794
1397,12820
1398,1479
1399,1197
1400,147536
1401,2388
1402,733
1403,97628
1404,53205
1405,6577
1406,68324
1407,7447
1408,84279
1409,8812
1410,323335
1411,286771
1412,9341
1413,650
1414,6633
1415,1521
1416,181968
1417,15997
1418,144038
1419,223147
1420,331941
1421,3212
1422,6898
1423,674
1424,5971
1425,1432
1426,1822
1427,1226
1428,46222
1429,20593
1430,1896
1431,1970
1432,4867
1433,2921
1434,2327
1435,3287
1436,39307
1437,63420
1438,8233
1439,9596
1440,362768
1441,845
1442,118962
1443,4221
1444,4065
1445,18588
1446,1064
1447,18903
1448,53353
1449,11350
1450,6974
1451,1928
1452,24946
1453,2693
1454,52058
1455,19400
1456,8287
1457,1170
1458,1188
1459,128102
1460,1267
1461,18518
1462,14198
1463,361585
1464,50631
1465,65148
1466,34705
1467,617
1468,7418
1469,907
1470,5730
1471,1655
1472,9242
1473,942
1474,2303
1475,3488
1476,1675
1477,1959
1478,83303
1479,820
1480,2385
1481,1913
1482,2186
1483,1437
1484,1773
1485,5471
1486,160458
1487,97196
1488,341826
1489,998
1490,2836
1491,4372
1492,3211
1493,7114
1494,8636
1495,46499
1496,200637
1497,7999
1498,2014
1499,4148
1500,333868
1501,3574
1502,15533
1503,7876
1504,89089
1505,73637
1506,370617
1507,81176
1508,209852
1509,31773
1510,7606
1511,1653
1512,10554
1513,2550
1514,3385
1515,16312
1516,12601
1517,939
1518,62400
1519,1209
1520,46541
1521,15511
1522,9549
1523,164693
1524,1770
1525,1189
1526,125674
1527,13158
1528,325474
1529,3640
1530,169331
1531,1253
1532,7527
1533,6333
1534,957
1535,14990
1536,11312
1537,21107
1538,342667
1539,19826
1540,2431
1541,9223
1542,399324
1543,11977
1544,302420
1545,1499
1546,53774
1547,1113
1548,750
1549,57898
1550,7998
1551,278701
1552,119688
1553,8476
1554,67262
1555,109823
1556,387517
1557,5071
1558,7057
1559,2984
1560,53105
1561,307694
1562,27144
1563,103598
1564,389874
1565,35732
1566,98135
1567,6644
1568,1153
1569,44379
1570,102308
1571,7088
1572,262836
1573,2613
1574,13980
1575,212551
1576,314453
1577,308776
1578,8309
1579,6512
1580,12537
1581,352026
1582,22753
1583,1286
1584,1228
1585,3881
1586,62408
1587,904
1588,252954
1589,353926
1590,5016
1591,2614
1592,8708
1593,4001
1594,340246
1595,359344
1596,3234
1597,358097
1598,180172
1599,3254
1600,169865
1601,16217
1602,40864
1603,8418
1604,16476
1605,13076
1606,10519
1607,258481
1608,926
1609,18186
1610,10758
1611,2569
1612,1152
1613,2160
1614,2124
1615,7091
1616,80030
1617,6085
1618,12396
1619,3685
1620,654
1621,2067
1622,69027
1623,11068
1624,395899
1625,51717
1626,346445
1627,4910
1628,10979
1629,5152
1630,31967
1631,244345
1632,151870
1633,2023
1634,3097
1635,82387
1636,358356
1637,277674
1638,256206
1639,5788
1640,62412
1641,46026
1642,3891
1643,30148
1644,216917
1645,1574
1646,3682
1647,2634
1648,295340
1649,54354
1650,61787
1651,803
1652,785
1653,4274
1654,181884
1655,345780
1656,2637
1657,82203
1658,1286
1659,6596
1660,5841
1661,70916
1662,2200
1663,60629
1664,1111
1665,21259
1666,63288
1667,5149
1668,796
1669,2671
1670,23605
1671,111352
1672,834
1673,2443
1674,74468
1675,51559
1676,71037
1677,110448
1678,6264
1679,1394
1680,85156
1681,683
1682,1563
1683,56988
1684,294993
1685,633
1686,1376
1687,275886
1688,1007
1689,1613
1690,863
1691,17774
1692,251820
1693,4873
1694,360709
1695,914
1696,4851
1697,338816
1698,896
1699,204209
1700,98328
1701,10026
1702,10289
1703,23913
1704,3677
1705,63460
1706,77589
1707,226576
1708,3938
1709,366838
1710,27180
1711,6859
1712,38475
1713,6617
1714,4335
1715,2519
1716,1170
1717,3474
1718,15197
1719,7041
1720,2205
1721,86617
1722,2356
1723,4755
1724,8845
1725,320275
1726,8803
1727,605
1728,9482
1729,84741
1730,15076
1731,622
1732,299166
1733,610
1734,10519
1735,363514
1736,75011
1737,347412
1738,759
1739,1675
1740,41644
1741,9137
1742,11166
1743,19212
1744,2570
1745,5076
1746,99633
1747,115855
1748,85829
1749,608
1750,43092
1751,50528
1752,6516
1753,4579
1754,6513
1755,135352
1756,25646
1757,29328
1758,778
1759,67702
1760,69739
1761,94250
1762,210361
1763,4295
1764,4097
1765,4948
1766,1302
1767,4225
1768,122143
1769,365457
1770,297747
1771,963
1772,1035
1773,8991
1774,224976
1775,334660
1776,1674
1777,2463
1778,1775
1779,303516
1780,8885
1781,4460
1782,14322
1783,34665
1784,7165
1785,173467
1786,331540
1787,693
1788,82753
1789,109342
1790,10036
1791,4201
1792,9299
1793,147505
1794,38233
1795,6776
1796,32396
1797,996
1798,13260
1799,289275
1800,310933
1801,2115
1802,606
1803,5816
1804,4623
1805,4504
1806,1570
1807,45370
1808,5364
1809,72373
1810,9835
1811,5211
1812,228350
1813,9429
1814,12155
1815,5997
1816,1267
1817,5652
1818,15376
1819,6363
1820,4183
1821,3279
1822,101352
1823,68213
1824,291569
1825,2577
1826,18849
1827,641
1828,15536
1829,3572
1830,13534
1831,11087
1832,8010
1833,703
1834,247111
1835,14937
1836,122129
1837,74257
1838,8325
1839,21643
1840,68091
1841,3539
1842,835
1843,35244
1844,9435
1845,26576
1846,5833
1847,266499
1848,27557
1849,2740
1850,141499
1851,14625
1852,363835
1853,1384
1854,1950
1855,349087
1856,52506
1857,376598
1858,45144
1859,60306
1860,6066
1861,300385
1862,11962
1863,336098
1864,2714
1865,3745
1866,1401
1867,7318
1868,2678
1869,1834
1870,823
1871,2913
1872,44405
1873,115314
1874,2913
1875,947
1876,9783
1877,1756
1878,1264
1879,3813
1880,1582
1881,3459
1882,342325
1883,1072
1884,2809
1885,1785
1886,225858
1887,9244
1888,18935
1889,4032
1890,48462
1891,282170
1892,8619
1893,81717
1894,23389
1895,11257
1896,86562
1897,461668
1898,6683
1899,3808
1900,66446
1901,1833
1902,2501
1903,333869
1904,909
1905,11449
1906,51274
1907,44369
1908,4185
1909,7629
1910,8953
1911,6361
1912,3358
1913,58098
1914,99697
1915,179468
1916,1537
1917,3865
1918,38803
1919,57948
1920,33245
1921,716
1922,387727
1923,356197
1924,4639
1925,357221
1926,3248
1927,82598
1928,338607
1929,231448
1930,18275
1931,1390
1932,217766
1933,393076
1934,5580
1935,101183
1936,74020
1937,13178
1938,627
1939,2885
1940,376358
1941,23303
1942,9315
1943,384771
1944,1438
1945,22842
1946,52460
1947,323912
1948,29650
1949,94907
1950,11067
1951,360013
1952,13039
1953,26283
1954,7891
1955,9069
1956,3932
1957,358181
1958,3226
1959,1261
1960,1272
1961,87715
1962,18912
1963,674
1964,2209
1965,12280
1966,165703
1967,16216
1968,32353
1969,1369
1970,123200
1971,5603
1972,20734
1973,1140
1974,7184
1975,13921
1976,68562
1977,698
1978,2267
1979,872
1980,1413
1981,734
1982,11991
1983,14424
1984,56255
1985,302830
1986,70075
1987,4037
1988,208344
1989,10981
1990,31956
1991,3422
1992,981
1993,1049
1994,97988
1995,91583
1996,35196
1997,1269
1998,371149
1999,2356
2000,17721
2001,10108
2002,12506
2003,134621
2004,45159
2005,73029
2006,346099
2007,38376
2008,1148
2009,19010
2010,1747
2011,106938
2012,4121
2013,6374
2014,5352
2015,623
2016,1423
2017,8130
2018,4461
2019,1243
2020,24850
2021,7720
2022,27544
2023,29364
2024,9313
2025,3344
2026,6186
2027,36975
2028,179586
2029,1533
2030,305714
2031,64822
2032,3675
2033,53112
2034,9233
2035,11530
2036,3017
2037,256942
2038,3304
2039,43962
2040,92546
2041,689
2042,23300
2043,3421
2044,302264
2045,3882
2046,74590
2047,3992
2048,4287
2049,603
2050,7344
2051,3923
2052,103616
2053,5033
2054,1510
2055,3349
2056,275665
2057,68427
2058,1377
2059,10947
2060,2387
2061,3951
2062,1466
2063,207673
2064,286669
2065,393453
2066,279595
2067,3413
2068,12737
2069,6142
2070,32880
2071,1014
2072,10208
2073,56925
2074,343651
2075,8460
2076,57140
2077,952
2078,202943
2079,5812
2080,134736
2081,8317
2082,5457
2083,3055
2084,12266
2085,193930
2086,12555
2087,43345
2088,212061
2089,1228
2090,16563
2091,841
2092,9325
2093,45709
2094,130324
2095,4371
2096,1019
2097,4463
2098,2206
2099,5955
2100,52900
2101,51503
2102,1007
2103,630
2104,62538
2105,291417
2106,12508
2107,24633
2108,4668
2109,11497
2110,12847
2111,6962
2112,59007
2113,12618
2114,7273
2115,712
2116,5380
2117,2737
2118,95753
2119,366657
2120,2406
2121,2683
2122,1810
2123,1635
2124,24785
2125,170295
2126,326959
2127,25101
2128,709
2129,10214
2130,61745
2131,24679
2132,332140
2133,8548
2134,7621
2135,320292
2136,34321
2137,22123
2138,6450
2139,58260
2140,24167
2141,2503
2142,24149
2143,838
2144,59535
2145,3593
2146,322831
2147,337840
2148,6863
2149,900
2150,158580
2151,5170
2152,10512
2153,964
2154,1094
2155,26434
2156,237726
2157,108963
2158,14668
2159,74271
2160,119818
2161,664
2162,1012
2163,2686
2164,29017
2165,4553
2166,20021
2167,217743
2168,14476
2169,161181
2170,2847
2171,76585
2172,1556
2173,2875
2174,5501
2175,807
2176,19304
2177,689
2178,10556
2179,1445
2180,124492
2181,407593
2182,899
2183,114069
2184,361819
2185,186073
2186,50645
2187,8080
2188,23000
2189,339466
2190,268674
2191,9067
2192,265093
2193,80269
2194,8089
2195,1558
2196,348926
2197,1504
2198,4662
2199,82106
2200,320951
2201,8082
2202,4773
2203,1231
2204,77361
2205,1298
2206,6240
2207,4586
2208,216038
2209,10892
2210,284048
2211,7854
2212,2595
2213,75360
2214,299406
2215,6107
2216,179911
2217,34232
2218,269606
2219,63349
2220,304435
2221,243373
2222,364419
2223,959
2224,5468
2225,7399
2226,318372
2227,315041
2228,659
2229,67791
2230,357106
2231,14239
2232,350478
2233,187955
2234,694
2235,278197
2236,166747
2237,28279
2238,6214
2239,6029
2240,1206
2241,2712
2242,3603
2243,22225
2244,70936
2245,2590
2246,55825
2247,1045
2248,12877
2249,223753
2250,634
2251,3064
2252,8180
2253,66414
2254,8433
2255,335288
2256,2669
2257,3605
2258,1121
2259,715
2260,10090
2261,7500
2262,6775
2263,33184
2264,392709
2265,32184
2266,65161
2267,249054
2268,2172
2269,2143
2270,6196
2271,294525
2272,44405
2273,120153
2274,3891
2275,303522
2276,4245
2277,7108
2278,16169
2279,234420
2280,369688
2281,71923
2282,1172
2283,14776
2284,9019
2285,5086
2286,974
2287,95704
2288,983
2289,3425
2290,190748
2291,1198
2292,14743
2293,22738
2294,27243
2295,224360
2296,1484
2297,7114
2298,2578
2299,260614
2300,3014
2301,13965
2302,78697
2303,384902
2304,79615
2305,2059
2306,1345
2307,10738
2308,3993
2309,6435
2310,3555
2311,323238
2312,245386
2313,1785
2314,321576
2315,308039
2316,252908
2317,48844
2318,2635
2319,3864
2320,2019
2321,6343
2322,2442
2323,30380
2324,40004
2325,219849
2326,350968
2327,1523
2328,1928
2329,3342
2330,5962
2331,54861
2332,28787
2333,2690
2334,313797
2335,8848
2336,9347
2337,9635
2338,224295
2339,108692
2340,9656
2341,2955
2342,329586
2343,12468
2344,112172
2345,4392
2346,6852
2347,631
2348,48966
2349,50551
2350,13071
2351,4789
2352,62303
2353,1673
2354,1899
2355,4973
2356,348830
2357,730
2358,1172
2359,2504
2360,8465
2361,3011
2362,1562
2363,837
2364,7783
2365,9616
2366,2086
2367,31413
2368,302558
2369,6186
2370,1153
2371,45726
2372,7382
2373,2514
2374,3347
2375,218027
2376,1593
2377,10862
2378,1117
2379,954
2380,351678
2381,120653
2382,14602
2383,4999
2384,182643
2385,7861
2386,709
2387,362804
2388,29004
2389,15667
2390,1344
2391,119525
2392,19036
2393,16268
2394,307818
2395,289679
2396,38418
2397,1939
2398,1919
2399,139489
2400,290604
2401,1604
2402,5073
2403,279182
2404,64173
2405,3082
2406,7638
2407,7403
2408,214172
2409,6308
2410,4417
2411,207512
2412,7138
2413,6280
2414,2212
2415,93152
2416,380977
2417,304564
2418,5372
2419,1601
2420,59047
2421,1024
2422,22267
2423,55862
2424,168135
2425,811
2426,286476
2427,340277
2428,19205
2429,1994
2430,109142
2431,114000
2432,667
2433,982
2434,2351
2435,234631
2436,2557
2437,754
2438,54416
2439,1473
2440,5139
2441,1160
2442,1031
2443,10311
2444,6581
2445,8837
2446,3348
2447,5516
2448,7644
2449,250214
2450,33509
2451,16487
2452,5440
2453,39763
2454,317253
2455,146013
2456,1282
2457,1289
2458,41093
2459,178769
2460,704
2461,11216
2462,224975
2463,2670
2464,689
2465,311175
2466,1295
2467,3370
2468,72998
2469,1376
2470,19495
2471,65874
2472,38874
2473,328133
2474,1114
2475,49322
2476,5577
2477,6716
2478,386960
2479,402118
2480,9646
2481,25452
2482,819
2483,864
2484,8797
2485,2014
2486,20425
2487,4000
2488,2895
2489,83195
2490,815
2491,2100
2492,3179
2493,16296
2494,2600
2495,2400
2496,1176
2497,3142
2498,9174
2499,10915
2500,2077
2501,6513
2502,113301
2503,7036
2504,11608
2505,57610
2506,178184
2507,4313
2508,2021
2509,5873
2510,351820
2511,4321
2512,239323
2513,155399
2514,85059
2515,3369
2516,213244
2517,4485
2518,4190
2519,361173
2520,8078
2521,3798
2522,1020
2523,114202
2524,82025
2525,3506
2526,1848
2527,130396
2528,51125
2529,1788
2530,3749
2531,358685
2532,11562
2533,1574
2534,2683
2535,223375
2536,621
2537,100242
2538,56626
2539,23635
2540,43662
2541,3035
2542,3268
2543,4065
2544,5761
2545,6543
2546,1860
2547,4592
2548,2259
2549,5864
2550,220004
2551,216946
2552,2318
2553,76567
2554,5114
2555,19835
2556,8229
2557,1963
2558,1719
2559,3196
2560,9869
2561,3199
2562,11187
2563,735
2564,9293
2565,156370
2566,64948
2567,888
2568,11397
2569,3510
2570,684
2571,10550
2572,1832
2573,91192
2574,344193
2575,65283
2576,160399
2577,8859
2578,5869
2579,29522
2580,83533
2581,3309
2582,21222
2583,89556
2584,265187
2585,184444
2586,26888
2587,269326
2588,154629
2589,1200
2590,7179
2591,1328
2592,77235
2593,366783
2594,46613
2595,238465
2596,9879
2597,4541
2598,40266
2599,18393
2600,695
2601,19222
2602,87133
2603,345600
2604,830
2605,213670
2606,12697
2607,80231
2608,145707
2609,4598
2610,42294
2611,5629
2612,329358
2613,80250
2614,5420
2615,755
2616,2901
2617,71290
2618,402015
2619,6903
2620,25740
2621,11480
2622,40958
2623,13656
2624,31628
2625,6671
2626,10131
2627,23377
2628,40281
2629,5772
2630,7593
2631,2396
2632,367388
2633,8673
2634,343081
2635,75276
2636,1858
2637,1041
2638,106115
2639,325579
2640,679
2641,360260
2642,168226
2643,5732
2644,18998
2645,4305
2646,353464
2647,2661
2648,1496
2649,4441
2650,267053
2651,2176
2652,12638
2653,90221
2654,4580
2655,1246
2656,4961
2657,33985
2658,142071
2659,320494
2660,173287
2661,15672
2662,1943
2663,4091
2664,1497
2665,45553
2666,269621
2667,135892
2668,8830
2669,9156
2670,7939
2671,7996
2672,874
2673,38242
2674,308088
2675,6036
2676,10091
2677,18430
2678,53973
2679,2740
2680,351799
2681,326795
2682,6928
2683,7362
2684,84058
2685,4442
2686,720
2687,1378
2688,9224
2689,16530
2690,1461
2691,85513
2692,3657
2693,88871
2694,2046
2695,8522
2696,2332
2697,3925
2698,24390
2699,19438
2700,25037
2701,3903
2702,7481
2703,2183
2704,7932
2705,368835
2706,13417
2707,3349
2708,7154
2709,6557
2710,267942
2711,1366
2712,8995
2713,1170
2714,22368
2715,14045
2716,123691
2717,3245
2718,8682
2719,5294
2720,3307
2721,4603
2722,678
2723,346450
2724,1819
2725,10579
2726,226309
2727,11043
2728,71507
2729,376284
2730,45475
2731,8961
2732,831
2733,54667
2734,85784
2735,368198
2736,1190
2737,69154
2738,3613
2739,38452
2740,26211
2741,26635
2742,4312
2743,6660
2744,238169
2745,47075
2746,6844
2747,3360
2748,295689
2749,342886
2750,18138
2751,1136
2752,348216
2753,14039
2754,1951
2755,1982
2756,243275
2757,109217
2758,16671
2759,52713
2760,242283
2761,3097
2762,3449
2763,107585
2764,7264
2765,246671
2766,3214
2767,66123
2768,1379
2769,243999
2770,3962
2771,11470
2772,416024
2773,1345
2774,38806
2775,54156
2776,6636
2777,614
2778,8451
2779,75407
2780,1401
2781,11639
2782,126632
2783,4884
2784,1903
2785,10328
2786,4257
2787,997
2788,87657
2789,7344
2790,294050
2791,3049
2792,231115
2793,3121
2794,4980
2795,20376
2796,2942
2797,246632
2798,124902
2799,667
